filename,width,height,class,xmin,ymin,xmax,ymax
88.jpg,658,7852,toutu,1,103,658,466
88.jpg,658,7852,floors,1,469,658,822
88.jpg,658,7852,floors,1,833,658,1377
88.jpg,658,7852,floors,1,1386,658,4627
88.jpg,658,7852,floors,1,4644,658,5208
88.jpg,658,7852,floors,1,5223,657,6158
88.jpg,658,7852,floors,1,6171,658,6590
88.jpg,658,7852,floors,1,6665,657,7764
63.jpg,658,5795,toutu,1,1,658,243
63.jpg,658,5795,floors,74,243,574,366
63.jpg,658,5795,floors,74,368,574,618
63.jpg,658,5795,floors,74,622,575,937
63.jpg,658,5795,floors,74,943,572,1536
63.jpg,658,5795,floors,74,1543,572,1886
63.jpg,658,5795,floors,74,1891,573,2093
63.jpg,658,5795,floors,75,2100,575,2241
63.jpg,658,5795,floors,75,2246,573,2352
63.jpg,658,5795,floors,74,2358,573,2757
63.jpg,658,5795,floors,75,2763,576,3043
63.jpg,658,5795,floors,75,3049,570,3446
63.jpg,658,5795,floors,77,3453,569,3723
63.jpg,658,5795,floors,76,3730,570,4009
63.jpg,658,5795,floors,77,4014,571,4161
63.jpg,658,5795,floors,77,4167,568,4447
63.jpg,658,5795,floors,77,4451,569,4598
63.jpg,658,5795,floors,77,4604,571,4758
63.jpg,658,5795,floors,76,4765,572,4918
63.jpg,658,5795,floors,75,4923,573,5070
63.jpg,658,5795,floors,75,5074,572,5231
63.jpg,658,5795,floors,75,5236,572,5347
63.jpg,658,5795,floors,75,5352,572,5532
63.jpg,658,5795,floors,76,5536,573,5690
63.jpg,658,5795,floors,77,5696,573,5795
77.jpg,658,2167,toutu,35,10,627,256
77.jpg,658,2167,floors,165,256,492,406
77.jpg,658,2167,floors,165,409,490,976
77.jpg,658,2167,floors,127,980,494,1243
77.jpg,658,2167,floors,170,1248,488,1511
77.jpg,658,2167,floors,124,1516,491,2020
77.jpg,658,2167,floors,124,2025,492,2167
76.jpg,658,4680,toutu,1,1,658,422
76.jpg,658,4680,floors,1,434,658,796
76.jpg,658,4680,floors,1,897,658,1337
76.jpg,658,4680,floors,1,1373,658,1811
76.jpg,658,4680,floors,1,1834,658,2281
76.jpg,658,4680,floors,1,2303,658,2747
76.jpg,658,4680,floors,1,2778,658,3220
76.jpg,658,4680,floors,1,3245,658,3692
76.jpg,658,4680,floors,1,3708,658,4316
76.jpg,658,4680,floors,1,4338,658,4591
62.jpg,658,3910,toutu,1,115,658,386
62.jpg,658,3910,floors,1,386,658,611
62.jpg,658,3910,floors,1,656,658,1048
62.jpg,658,3910,floors,1,1058,658,1476
62.jpg,658,3910,floors,1,1568,658,1912
62.jpg,658,3910,floors,1,2008,658,2263
62.jpg,658,3910,floors,1,2338,658,2537
62.jpg,658,3910,floors,1,2560,658,3127
62.jpg,658,3910,floors,1,3159,658,3768
89.jpg,658,1661,toutu,42,35,619,218
89.jpg,658,1661,floors,150,218,507,587
89.jpg,658,1661,floors,151,614,508,1008
89.jpg,658,1661,floors,123,1015,537,1661
48.jpg,658,4311,toutu,1,1,658,612
48.jpg,658,4311,floors,1,617,658,783
48.jpg,658,4311,floors,1,792,658,1278
48.jpg,658,4311,floors,1,1291,658,1544
48.jpg,658,4311,floors,1,1556,658,1806
48.jpg,658,4311,floors,2,1816,658,2187
48.jpg,658,4311,floors,1,2202,658,2556
48.jpg,658,4311,floors,1,2570,658,3253
48.jpg,658,4311,floors,2,3263,658,3420
48.jpg,658,4311,floors,1,3436,658,3589
48.jpg,658,4311,floors,1,3598,658,4299
60.jpg,658,2229,toutu,1,86,658,267
60.jpg,658,2229,floors,101,269,502,342
60.jpg,658,2229,floors,102,345,502,582
60.jpg,658,2229,floors,103,598,505,879
60.jpg,658,2229,floors,104,896,506,1053
60.jpg,658,2229,floors,104,1076,508,1297
60.jpg,658,2229,floors,105,1316,508,1985
61.jpg,658,5845,toutu,55,18,617,223
61.jpg,658,5845,floors,82,224,577,394
61.jpg,658,5845,floors,83,397,577,736
61.jpg,658,5845,floors,83,739,577,1079
61.jpg,658,5845,floors,83,1080,577,1420
61.jpg,658,5845,floors,84,1422,577,1762
61.jpg,658,5845,floors,83,1764,575,2108
61.jpg,658,5845,floors,83,2111,577,2452
61.jpg,658,5845,floors,83,2456,577,2795
61.jpg,658,5845,floors,83,2800,577,3140
75.jpg,658,7623,toutu,1,104,658,478
75.jpg,658,7623,floors,1,487,658,979
75.jpg,658,7623,floors,1,987,658,1185
75.jpg,658,7623,floors,1,1209,658,4552
75.jpg,658,7623,floors,1,4567,658,5160
75.jpg,658,7623,floors,1,5185,658,6070
75.jpg,658,7623,floors,1,6087,658,6597
75.jpg,658,7623,floors,1,6617,658,7534
71.jpg,658,6637,toutu,1,53,657,459
71.jpg,658,6637,floors,1,473,657,557
71.jpg,658,6637,floors,1,567,658,858
71.jpg,658,6637,floors,1,860,658,1081
71.jpg,658,6637,floors,1,1094,658,1772
71.jpg,658,6637,floors,1,1779,658,5287
71.jpg,658,6637,floors,1,5298,657,5744
71.jpg,658,6637,floors,1,5837,658,6548
65.jpg,658,6028,toutu,1,102,658,722
65.jpg,658,6028,floors,1,732,658,1084
65.jpg,658,6028,floors,2,1092,658,3335
65.jpg,658,6028,floors,1,3355,658,3654
65.jpg,658,6028,floors,1,3669,657,4357
65.jpg,658,6028,floors,1,4370,658,5936
59.jpg,658,3097,toutu,1,22,652,258
59.jpg,658,3097,floors,1,258,653,368
59.jpg,658,3097,floors,113,370,542,497
59.jpg,658,3097,floors,113,498,542,2850
58.jpg,658,3402,toutu,1,114,658,423
58.jpg,658,3402,floors,1,428,658,736
58.jpg,658,3402,floors,1,748,658,1138
58.jpg,658,3402,floors,1,1152,658,2021
58.jpg,658,3402,floors,1,2031,658,2428
58.jpg,658,3402,floors,1,2442,658,2712
58.jpg,658,3402,floors,1,2728,658,3116
64.jpg,658,3665,toutu,1,1,658,481
64.jpg,658,3665,floors,1,493,658,657
64.jpg,658,3665,floors,1,688,658,1116
64.jpg,658,3665,floors,1,1125,658,1507
64.jpg,658,3665,floors,1,1520,657,2238
64.jpg,658,3665,floors,1,2415,658,2761
64.jpg,658,3665,floors,1,2767,657,3576
70.jpg,658,6897,toutu,1,102,658,459
70.jpg,658,6897,floors,1,468,658,591
70.jpg,658,6897,floors,1,638,658,4216
70.jpg,658,6897,floors,1,4226,658,4474
70.jpg,658,6897,floors,1,4492,658,4958
70.jpg,658,6897,floors,1,4974,658,5384
70.jpg,658,6897,floors,1,5398,658,6808
99.jpg,658,1690,toutu,2,7,658,336
99.jpg,658,1690,floors,122,343,537,494
99.jpg,658,1690,floors,124,502,537,1037
99.jpg,658,1690,floors,122,1052,538,1690
66.jpg,658,2814,toutu,1,110,658,574
66.jpg,658,2814,floors,1,579,658,857
66.jpg,658,2814,floors,1,877,658,1156
66.jpg,658,2814,floors,1,1178,658,1456
66.jpg,658,2814,floors,1,1484,658,1929
66.jpg,658,2814,floors,1,1947,658,2703
72.jpg,658,7565,toutu,1,113,658,548
72.jpg,658,7565,floors,1,551,658,781
72.jpg,658,7565,floors,1,792,658,1419
72.jpg,658,7565,floors,1,1438,658,2059
72.jpg,658,7565,floors,1,2079,658,2698
72.jpg,658,7565,floors,1,2713,658,3338
72.jpg,658,7565,floors,1,3361,658,3979
72.jpg,658,7565,floors,1,3998,658,4620
72.jpg,658,7565,floors,1,4637,658,5260
72.jpg,658,7565,floors,1,5275,658,5901
72.jpg,658,7565,floors,1,5925,658,6474
72.jpg,658,7565,floors,1,6603,658,7478
73.jpg,658,2460,toutu,1,1,658,248
73.jpg,658,2460,floors,133,250,526,402
73.jpg,658,2460,floors,135,411,528,570
73.jpg,658,2460,floors,135,579,527,827
73.jpg,658,2460,floors,136,835,526,1164
73.jpg,658,2460,floors,136,1170,527,1525
73.jpg,658,2460,floors,136,1528,524,2301
73.jpg,658,2460,floors,134,2303,525,2460
67.jpg,658,2610,toutu,1,1,658,564
67.jpg,658,2610,floors,1,576,658,946
67.jpg,658,2610,floors,1,960,658,1136
67.jpg,658,2610,floors,1,1176,658,1806
67.jpg,658,2610,floors,1,1839,658,2486
28.jpg,658,6584,toutu,1,112,658,679
28.jpg,658,6584,floors,1,689,658,1125
28.jpg,658,6584,floors,1,1135,658,1321
28.jpg,658,6584,floors,1,1327,658,1710
28.jpg,658,6584,floors,1,1712,658,2782
28.jpg,658,6584,floors,1,2780,658,3242
28.jpg,658,6584,floors,1,3350,658,4096
28.jpg,658,6584,floors,1,4110,658,4856
28.jpg,658,6584,floors,1,4883,658,5610
28.jpg,658,6584,floors,1,5633,658,6495
14.jpg,658,4635,toutu,1,113,658,610
14.jpg,658,4635,floors,1,621,658,786
14.jpg,658,4635,floors,1,805,658,928
14.jpg,658,4635,floors,1,939,658,1320
14.jpg,658,4635,floors,1,1327,658,1728
14.jpg,658,4635,floors,1,1738,658,2141
14.jpg,658,4635,floors,1,2148,658,2553
14.jpg,658,4635,floors,1,2558,658,2980
14.jpg,658,4635,floors,1,2989,658,4547
15.jpg,658,11407,toutu,1,113,658,983
15.jpg,658,11407,floors,1,1070,658,1342
15.jpg,658,11407,floors,1,1403,658,2821
15.jpg,658,11407,floors,1,2852,658,4914
15.jpg,658,11407,floors,1,4918,658,5932
15.jpg,658,11407,floors,1,5966,658,7221
15.jpg,658,11407,floors,2,7264,658,8522
15.jpg,658,11407,floors,1,8573,658,9236
15.jpg,658,11407,floors,1,9241,658,10402
15.jpg,658,11407,floors,1,10433,658,11300
01.jpg,658,2103,toutu,1,159,658,507
01.jpg,658,2103,floors,1,486,658,617
01.jpg,658,2103,floors,1,619,658,1450
01.jpg,658,2103,floors,1,1458,658,2102
29.jpg,658,3402,toutu,1,113,658,423
29.jpg,658,3402,floors,1,428,658,738
29.jpg,658,3402,floors,1,746,658,1142
29.jpg,658,3402,floors,1,1149,658,2023
29.jpg,658,3402,floors,1,2030,658,2431
29.jpg,658,3402,floors,2,2441,658,2713
29.jpg,658,3402,floors,1,2723,658,3121
29.jpg,658,3402,floors,1,3136,658,3314
100.jpg,658,3402,toutu,1,112,658,419
100.jpg,658,3402,floors,1,427,658,738
100.jpg,658,3402,floors,1,746,658,1138
100.jpg,658,3402,floors,1,1153,658,2018
100.jpg,658,3402,floors,1,2035,658,2428
100.jpg,658,3402,floors,1,2440,658,2712
100.jpg,658,3402,floors,1,2732,658,3116
100.jpg,658,3402,floors,1,3134,658,3315
17.jpg,658,4123,toutu,1,113,658,430
17.jpg,658,4123,floors,1,435,658,682
17.jpg,658,4123,floors,1,711,658,996
17.jpg,658,4123,floors,1,999,658,2121
17.jpg,658,4123,floors,1,2143,658,2576
17.jpg,658,4123,floors,1,2585,658,2696
17.jpg,658,4123,floors,1,2716,658,3013
03.jpg,658,1661,toutu,1,37,646,215
03.jpg,658,1661,floors,1,220,646,585
03.jpg,658,1661,floors,1,626,645,1001
03.jpg,658,1661,floors,1,1012,644,1661
02.jpg,658,4369,toutu,1,1,657,355
02.jpg,658,4369,floors,1,508,658,712
02.jpg,658,4369,floors,1,880,658,1273
02.jpg,658,4369,floors,1,1346,658,3429
02.jpg,658,4369,floors,1,3518,658,4359
16.jpg,658,7972,toutu,1,100,658,384
16.jpg,658,7972,floors,1,407,658,714
16.jpg,658,7972,floors,1,731,658,863
16.jpg,658,7972,floors,1,871,658,3104
16.jpg,658,7972,floors,1,3115,658,5722
16.jpg,658,7972,floors,1,5730,658,6348
16.jpg,658,7972,floors,1,6358,658,6965
16.jpg,658,7972,floors,1,6973,658,7886
12.jpg,658,4030,toutu,1,113,657,859
12.jpg,658,4030,floors,1,892,658,1732
12.jpg,658,4030,floors,1,1762,658,2173
12.jpg,658,4030,floors,1,2209,658,2518
12.jpg,658,4030,floors,1,2549,658,3220
12.jpg,658,4030,floors,1,3247,658,3958
06.jpg,658,3032,toutu,1,112,658,442
06.jpg,658,3032,floors,1,463,658,651
06.jpg,658,3032,floors,1,661,658,1213
06.jpg,658,3032,floors,1,1239,658,1551
06.jpg,658,3032,floors,1,1573,658,2946
07.jpg,658,1863,toutu,3,112,658,417
07.jpg,658,1863,floors,1,500,658,1402
07.jpg,658,1863,floors,3,1410,658,1776
13.jpg,552,2380,toutu,1,1,552,474
13.jpg,552,2380,floors,1,540,552,897
13.jpg,552,2380,floors,1,904,552,1139
13.jpg,552,2380,floors,1,1144,552,1380
13.jpg,552,2380,floors,2,1386,552,1622
13.jpg,552,2380,floors,1,1629,552,1862
13.jpg,552,2380,floors,1,1871,552,2105
13.jpg,552,2380,floors,1,2112,552,2346
05.jpg,658,10332,toutu,2,6,658,907
05.jpg,658,10332,floors,1,911,658,1182
05.jpg,658,10332,floors,2,1219,658,1739
05.jpg,658,10332,floors,1,1763,658,2453
05.jpg,658,10332,floors,1,2486,658,10236
11.jpg,658,3673,toutu,1,1,658,929
11.jpg,658,3673,floors,1,945,658,1556
11.jpg,658,3673,floors,1,1581,658,2500
11.jpg,658,3673,floors,1,2525,658,3435
39.jpg,658,4311,toutu,1,1,658,603
39.jpg,658,4311,floors,1,612,658,785
39.jpg,658,4311,floors,1,797,658,1279
39.jpg,658,4311,floors,1,1293,658,1543
39.jpg,658,4311,floors,1,1560,658,1804
39.jpg,658,4311,floors,1,1819,658,2190
39.jpg,658,4311,floors,1,2205,658,2549
39.jpg,658,4311,floors,1,2570,658,3255
39.jpg,658,4311,floors,1,3269,658,3422
39.jpg,658,4311,floors,1,3430,658,3590
39.jpg,658,4311,floors,1,3597,658,4278
38.jpg,658,1637,toutu,1,121,658,584
38.jpg,658,1637,floors,1,588,658,1163
38.jpg,658,1637,floors,1,1218,658,1634
10.jpg,658,7853,toutu,1,113,658,741
10.jpg,658,7853,floors,1,747,658,1259
10.jpg,658,7853,floors,1,1283,658,2073
10.jpg,658,7853,floors,1,2162,658,3256
10.jpg,658,7853,floors,1,3268,658,4013
10.jpg,658,7853,floors,1,4012,658,4757
10.jpg,658,7853,floors,1,4757,658,5501
10.jpg,658,7853,floors,1,5501,658,6241
10.jpg,658,7853,floors,1,6240,658,6977
10.jpg,658,7853,floors,1,6979,658,7770
04.jpg,658,3334,toutu,1,1,657,523
04.jpg,658,3334,floors,1,524,658,747
04.jpg,658,3334,floors,1,758,657,1471
04.jpg,658,3334,floors,1,1500,658,3040
09.jpg,658,3715,toutu,1,121,658,1052
09.jpg,658,3715,floors,1,1069,658,1414
09.jpg,658,3715,floors,1,1433,658,1728
09.jpg,658,3715,floors,2,1748,658,2043
09.jpg,658,3715,floors,1,2066,658,2142
09.jpg,658,3715,floors,1,2167,658,2241
09.jpg,658,3715,floors,4,2277,658,2344
09.jpg,658,3715,floors,1,2375,658,2443
09.jpg,658,3715,floors,1,2479,658,2545
09.jpg,658,3715,floors,1,2581,658,2650
09.jpg,658,3715,floors,1,2685,658,2753
09.jpg,658,3715,floors,1,2787,658,2855
09.jpg,658,3715,floors,1,2885,658,3631
21.jpg,658,3156,toutu,1,1,658,341
21.jpg,658,3156,floors,1,351,658,535
21.jpg,658,3156,floors,1,550,658,749
21.jpg,658,3156,floors,1,758,658,1104
21.jpg,658,3156,floors,1,1115,658,1358
21.jpg,658,3156,floors,2,1359,658,1604
21.jpg,658,3156,floors,2,1611,658,1942
21.jpg,658,3156,floors,1,1951,658,2902
21.jpg,658,3156,floors,1,2914,657,3120
35.jpg,658,3910,toutu,1,54,658,386
35.jpg,658,3910,floors,1,392,658,607
35.jpg,658,3910,floors,1,613,658,1482
35.jpg,658,3910,floors,1,1499,658,1937
35.jpg,658,3910,floors,1,1962,657,2281
35.jpg,658,3910,floors,1,2311,658,2544
35.jpg,658,3910,floors,1,2558,658,3132
35.jpg,658,3910,floors,1,3152,658,3793
34.jpg,658,6146,toutu,1,1,658,617
34.jpg,658,6146,floors,1,624,658,910
34.jpg,658,6146,floors,1,938,658,1287
34.jpg,658,6146,floors,1,1320,658,2036
34.jpg,658,6146,floors,1,2058,658,5514
34.jpg,658,6146,floors,1,5543,658,6116
20.jpg,658,4617,toutu,1,182,658,449
20.jpg,658,4617,floors,1,487,658,766
20.jpg,658,4617,floors,2,793,658,1078
20.jpg,658,4617,floors,1,1113,658,1869
20.jpg,658,4617,floors,1,1928,658,2456
20.jpg,658,4617,floors,1,2483,658,2956
20.jpg,658,4617,floors,1,2978,658,3503
20.jpg,658,4617,floors,1,3528,658,4053
20.jpg,658,4617,floors,1,4080,658,4601
08.jpg,658,3451,toutu,1,125,658,770
08.jpg,658,3451,floors,1,767,657,1139
08.jpg,658,3451,floors,1,1168,658,1609
08.jpg,658,3451,floors,1,1652,658,1977
08.jpg,658,3451,floors,1,2018,658,2345
08.jpg,658,3451,floors,1,2387,658,2714
08.jpg,658,3451,floors,1,2753,658,3080
36.jpg,640,3093,toutu,1,1,640,508
36.jpg,640,3093,floors,1,510,640,710
36.jpg,640,3093,floors,1,723,640,967
36.jpg,640,3093,floors,1,990,640,1271
36.jpg,640,3093,floors,1,1300,640,1748
36.jpg,640,3093,floors,1,1773,640,2262
36.jpg,640,3093,floors,1,2285,640,2962
22.jpg,658,4318,toutu,2,67,658,433
22.jpg,658,4318,floors,1,446,658,1392
22.jpg,658,4318,floors,1,1402,658,2697
22.jpg,658,4318,floors,1,2704,658,3722
22.jpg,658,4318,floors,1,3729,658,4318
23.jpg,658,6843,toutu,1,1,658,1026
23.jpg,658,6843,floors,1,1033,658,1857
23.jpg,658,6843,floors,1,1871,658,2521
23.jpg,658,6843,floors,1,2543,658,3778
23.jpg,658,6843,floors,1,3793,658,5768
23.jpg,658,6843,floors,1,5787,658,6295
37.jpg,658,4082,toutu,1,1,658,777
37.jpg,658,4082,floors,1,785,658,1140
37.jpg,658,4082,floors,1,1149,658,1506
37.jpg,658,4082,floors,1,1516,658,2757
37.jpg,658,4082,floors,1,2766,658,3351
37.jpg,658,4082,floors,1,3363,658,3956
33.jpg,592,19530,toutu,1,1,590,342
33.jpg,592,19530,floors,1,333,592,685
33.jpg,592,19530,floors,1,693,592,848
33.jpg,592,19530,floors,1,936,592,1206
33.jpg,592,19530,floors,1,1218,592,2532
33.jpg,592,19530,floors,1,2551,592,3287
33.jpg,592,19530,floors,1,3301,592,3734
33.jpg,592,19530,floors,1,3760,592,4216
33.jpg,592,19530,floors,1,4237,592,4944
33.jpg,592,19530,floors,1,4969,592,9858
33.jpg,592,19530,floors,1,9886,592,10172
33.jpg,592,19530,floors,1,10191,592,19210
27.jpg,658,3601,toutu,1,111,658,1146
27.jpg,658,3601,floors,1,1189,658,1667
27.jpg,658,3601,floors,1,1701,658,2253
27.jpg,658,3601,floors,1,2271,658,3567
26.jpg,658,3595,toutu,1,102,657,549
26.jpg,658,3595,floors,1,627,658,854
26.jpg,658,3595,floors,1,856,658,1189
26.jpg,658,3595,floors,1,1191,658,1706
26.jpg,658,3595,floors,1,1713,658,2095
26.jpg,658,3595,floors,1,2106,658,2558
26.jpg,658,3595,floors,1,2563,658,3526
32.jpg,658,2111,toutu,1,1,658,190
32.jpg,658,2111,floors,2,192,658,559
32.jpg,658,2111,floors,1,561,658,799
32.jpg,658,2111,floors,1,801,658,1044
32.jpg,658,2111,floors,1,1048,658,1333
32.jpg,658,2111,floors,1,1337,658,1621
32.jpg,658,2111,floors,1,1623,658,1867
32.jpg,658,2111,floors,1,1870,658,2111
24.jpg,658,5215,toutu,1,182,658,952
24.jpg,658,5215,floors,1,960,658,1277
24.jpg,658,5215,floors,1,1286,657,1496
24.jpg,658,5215,floors,1,1517,658,2185
24.jpg,658,5215,floors,1,2195,658,2830
24.jpg,658,5215,floors,1,2850,658,3661
24.jpg,658,5215,floors,1,3675,658,4120
24.jpg,658,5215,floors,1,4323,658,5040
30.jpg,658,2229,toutu,1,86,658,245
30.jpg,658,2229,floors,1,249,657,579
30.jpg,658,2229,floors,1,598,658,883
30.jpg,658,2229,floors,1,899,658,1054
30.jpg,658,2229,floors,1,1073,658,1294
30.jpg,658,2229,floors,1,1314,658,1797
18.jpg,658,5001,toutu,1,1,658,450
18.jpg,658,5001,floors,1,588,658,1578
18.jpg,658,5001,floors,1,1613,658,2748
18.jpg,658,5001,floors,1,2785,658,3280
18.jpg,658,5001,floors,1,3298,658,3544
18.jpg,658,5001,floors,1,3558,658,4337
18.jpg,658,5001,floors,1,4353,658,4407
18.jpg,658,5001,floors,1,4423,658,4468
18.jpg,658,5001,floors,1,4493,658,4537
18.jpg,658,5001,floors,1,4559,658,4615
18.jpg,658,5001,floors,1,4629,658,4670
18.jpg,658,5001,floors,1,4697,658,4738
18.jpg,658,5001,floors,1,4761,658,4806
18.jpg,658,5001,floors,1,4828,658,4873
19.jpg,658,2877,toutu,1,113,658,436
19.jpg,658,2877,floors,2,452,658,634
19.jpg,658,2877,floors,3,643,658,1704
19.jpg,658,2877,floors,1,1727,658,2466
19.jpg,658,2877,floors,1,2496,658,2679
31.jpg,658,5845,toutu,56,17,617,223
31.jpg,658,5845,floors,55,223,640,396
31.jpg,658,5845,floors,55,399,640,735
31.jpg,658,5845,floors,54,740,641,1076
31.jpg,658,5845,floors,56,1081,640,1418
31.jpg,658,5845,floors,55,1423,640,1762
31.jpg,658,5845,floors,56,1768,582,2111
31.jpg,658,5845,floors,57,2113,639,2453
31.jpg,658,5845,floors,57,2457,640,2793
31.jpg,658,5845,floors,56,2800,640,3140
31.jpg,658,5845,floors,57,3146,639,3327
31.jpg,658,5845,floors,59,3332,641,3515
31.jpg,658,5845,floors,57,3519,640,3701
31.jpg,658,5845,floors,56,3706,640,3886
31.jpg,658,5845,floors,56,3893,639,4075
31.jpg,658,5845,floors,55,4078,639,4261
31.jpg,658,5845,floors,57,4266,640,4445
31.jpg,658,5845,floors,55,4448,639,4632
31.jpg,658,5845,floors,57,4638,639,4819
31.jpg,658,5845,floors,56,4825,640,5005
31.jpg,658,5845,floors,56,5010,640,5192
31.jpg,658,5845,floors,56,5197,640,5536
31.jpg,658,5845,floors,56,5541,640,5845
25.jpg,658,2997,toutu,1,76,658,454
25.jpg,658,2997,floors,1,461,658,599
25.jpg,658,2997,floors,1,603,658,703
25.jpg,658,2997,floors,1,712,658,887
25.jpg,658,2997,floors,1,893,658,1081
25.jpg,658,2997,floors,1,1092,658,1245
25.jpg,658,2997,floors,1,1253,658,1975
25.jpg,658,2997,floors,1,1981,658,2997
81.jpg,658,24984,toutu,1,107,658,551
81.jpg,658,24984,floors,1,559,657,723
81.jpg,658,24984,floors,1,740,657,1195
81.jpg,658,24984,floors,1,1205,658,1344
81.jpg,658,24984,floors,1,1445,658,1777
81.jpg,658,24984,floors,1,1802,658,7305
81.jpg,658,24984,floors,1,7321,657,7661
81.jpg,658,24984,floors,1,7687,658,16025
81.jpg,658,24984,floors,1,16037,658,16528
81.jpg,658,24984,floors,1,16531,658,18027
81.jpg,658,24984,floors,1,18037,658,24899
95.jpg,658,6843,toutu,1,1,658,1026
95.jpg,658,6843,floors,14,1029,644,1856
95.jpg,658,6843,floors,1,1882,658,2518
95.jpg,658,6843,floors,1,2555,658,3775
95.jpg,658,6843,floors,1,3794,658,5777
95.jpg,658,6843,floors,1,5793,658,6718
42.jpg,658,4662,toutu,1,156,658,738
42.jpg,658,4662,floors,1,758,658,1121
42.jpg,658,4662,floors,1,1226,658,1780
42.jpg,658,4662,floors,1,1793,658,2332
42.jpg,658,4662,floors,1,2352,658,2903
42.jpg,658,4662,floors,1,2915,658,3465
42.jpg,658,4662,floors,1,3478,658,4026
42.jpg,658,4662,floors,1,4045,658,4596
56.jpg,658,2997,floors,1,74,658,453
56.jpg,658,2997,floors,119,459,542,599
56.jpg,658,2997,floors,119,601,545,710
56.jpg,658,2997,floors,120,712,542,886
56.jpg,658,2997,floors,122,890,541,1080
56.jpg,658,2997,floors,125,1091,532,1246
56.jpg,658,2997,floors,126,1254,535,1974
56.jpg,658,2997,floors,127,1978,534,2997
57.jpg,658,10056,toutu,1,132,658,601
57.jpg,658,10056,floors,1,610,658,929
57.jpg,658,10056,floors,1,951,658,1432
57.jpg,658,10056,floors,1,1442,658,2610
57.jpg,658,10056,floors,1,2628,658,3262
57.jpg,658,10056,floors,1,3280,658,8169
57.jpg,658,10056,floors,1,8179,658,8963
57.jpg,658,10056,floors,2,8976,658,9957
43.jpg,658,1452,toutu,49,12,658,253
43.jpg,658,1452,floors,46,257,658,320
43.jpg,658,1452,floors,50,337,658,785
43.jpg,658,1452,floors,50,797,658,1107
43.jpg,658,1452,floors,49,1125,658,1392
94.jpg,658,2983,toutu,1,1,658,940
94.jpg,658,2983,floors,1,945,658,1148
94.jpg,658,2983,floors,1,1184,658,2139
94.jpg,658,2983,floors,1,2192,658,2950
80.jpg,658,7516,toutu,1,107,658,456
80.jpg,658,7516,floors,1,460,658,887
80.jpg,658,7516,floors,1,906,657,1023
80.jpg,658,7516,floors,1,1047,658,2775
80.jpg,658,7516,floors,1,2799,658,3973
80.jpg,658,7516,floors,1,3990,657,4397
80.jpg,658,7516,floors,1,4409,658,5013
80.jpg,658,7516,floors,1,5027,658,5920
80.jpg,658,7516,floors,1,5933,658,6446
80.jpg,658,7516,floors,1,6460,658,7428
96.jpg,658,3595,toutu,1,103,658,545
96.jpg,658,3595,floors,1,628,658,1187
96.jpg,658,3595,floors,1,1190,658,1710
96.jpg,658,3595,floors,1,1716,658,2094
96.jpg,658,3595,floors,1,2104,658,2557
96.jpg,658,3595,floors,1,2564,658,3527
82.jpg,658,1377,toutu,32,13,658,204
82.jpg,658,1377,floors,154,206,506,428
82.jpg,658,1377,floors,155,436,505,649
82.jpg,658,1377,floors,155,668,505,873
82.jpg,658,1377,floors,156,889,506,1091
82.jpg,658,1377,floors,155,1096,506,1376
69.jpg,658,3559,toutu,1,1,658,1087
69.jpg,658,3559,floors,1,1097,658,1211
69.jpg,658,3559,floors,1,1237,658,1312
69.jpg,658,3559,floors,1,1335,658,2124
69.jpg,658,3559,floors,1,2149,658,2802
69.jpg,658,3559,floors,1,2832,658,3550
55.jpg,658,8165,toutu,1,1,658,841
55.jpg,658,8165,floors,1,846,658,1023
55.jpg,658,8165,floors,1,1031,658,1341
55.jpg,658,8165,floors,2,1356,658,1778
55.jpg,658,8165,floors,1,1787,658,2211
55.jpg,658,8165,floors,1,2219,658,2627
55.jpg,658,8165,floors,1,2642,658,2887
55.jpg,658,8165,floors,2,2896,658,3314
55.jpg,658,8165,floors,1,3320,657,3735
55.jpg,658,8165,floors,1,3758,658,4165
55.jpg,658,8165,floors,1,4177,658,4595
55.jpg,658,8165,floors,1,4611,650,5031
55.jpg,658,8165,floors,1,5040,658,5449
55.jpg,658,8165,floors,1,5459,658,5873
55.jpg,658,8165,floors,2,5883,658,6291
55.jpg,658,8165,floors,1,6300,658,7545
55.jpg,658,8165,floors,1,7570,658,8060
41.jpg,658,6637,toutu,1,48,658,460
41.jpg,658,6637,floors,1,470,658,558
41.jpg,658,6637,floors,1,571,658,1083
41.jpg,658,6637,floors,1,1094,658,1312
41.jpg,658,6637,floors,1,1323,658,1537
41.jpg,658,6637,floors,1,1550,658,1765
41.jpg,658,6637,floors,1,1778,658,2154
41.jpg,658,6637,floors,1,2170,658,2548
41.jpg,658,6637,floors,2,2562,657,2939
41.jpg,658,6637,floors,1,2949,658,3331
41.jpg,658,6637,floors,1,3344,658,3728
41.jpg,658,6637,floors,1,3738,658,4111
41.jpg,658,6637,floors,1,4126,658,4502
41.jpg,658,6637,floors,1,4518,657,4894
41.jpg,658,6637,floors,1,4909,658,5289
41.jpg,658,6637,floors,1,5300,657,5516
41.jpg,658,6637,floors,1,5528,658,5743
41.jpg,658,6637,floors,1,5837,658,6548
40.jpg,658,6897,toutu,1,40,658,608
40.jpg,658,6897,floors,1,633,658,4217
40.jpg,658,6897,floors,2,4226,658,4478
40.jpg,658,6897,floors,2,4487,658,4966
40.jpg,658,6897,floors,1,4973,658,5387
40.jpg,658,6897,floors,1,5392,658,6811
54.jpg,658,4124,toutu,1,243,658,615
54.jpg,658,4124,floors,1,627,658,1187
54.jpg,658,4124,floors,2,1193,658,1529
54.jpg,658,4124,floors,1,1546,658,2410
54.jpg,658,4124,floors,1,2509,658,3135
54.jpg,658,4124,floors,1,3152,658,3509
54.jpg,658,4124,floors,1,3509,655,4031
68.jpg,658,4082,toutu,1,133,658,774
68.jpg,658,4082,floors,1,783,657,1141
68.jpg,658,4082,floors,1,1149,658,1504
68.jpg,658,4082,floors,1,1511,658,2749
68.jpg,658,4082,floors,1,2764,658,3351
68.jpg,658,4082,floors,1,3369,658,3952
83.jpg,658,6939,toutu,2,114,658,526
83.jpg,658,6939,floors,1,530,658,830
83.jpg,658,6939,toutu,1,849,658,1278
83.jpg,658,6939,floors,1,1282,658,1508
83.jpg,658,6939,toutu,1,1537,658,1948
83.jpg,658,6939,floors,1,1956,658,2256
83.jpg,658,6939,toutu,1,2275,658,2678
83.jpg,658,6939,floors,1,2683,658,3149
83.jpg,658,6939,toutu,1,3176,658,3597
83.jpg,658,6939,floors,1,3598,658,3861
83.jpg,658,6939,toutu,1,3881,658,4288
83.jpg,658,6939,floors,1,4297,658,4597
83.jpg,658,6939,toutu,1,4618,658,5022
83.jpg,658,6939,floors,1,5028,658,5302
83.jpg,658,6939,floors,1,5310,658,5481
83.jpg,658,6939,toutu,1,5494,658,5934
83.jpg,658,6939,toutu,1,5944,658,6363
83.jpg,658,6939,toutu,1,6506,658,6926
97.jpg,658,10056,toutu,1,132,658,594
97.jpg,658,10056,floors,1,611,658,933
97.jpg,658,10056,floors,1,960,658,1427
97.jpg,658,10056,floors,1,1446,658,2619
97.jpg,658,10056,floors,1,2632,658,3256
97.jpg,658,10056,floors,1,3272,657,8168
97.jpg,658,10056,floors,1,8173,658,8961
97.jpg,658,10056,floors,1,8981,658,9954
93.jpg,658,4123,toutu,1,113,658,433
93.jpg,658,4123,floors,1,435,658,682
93.jpg,658,4123,floors,1,713,658,994
93.jpg,658,4123,floors,1,999,658,2117
93.jpg,658,4123,floors,1,2138,658,2699
93.jpg,658,4123,floors,1,2712,658,3013
93.jpg,658,4123,floors,1,3052,658,4037
87.jpg,658,4604,toutu,1,2,658,788
87.jpg,658,4604,floors,1,890,657,1368
87.jpg,658,4604,floors,1,1399,657,2037
87.jpg,658,4604,floors,1,2063,658,2696
87.jpg,658,4604,floors,1,2721,658,3292
87.jpg,658,4604,floors,1,3322,658,3643
87.jpg,658,4604,floors,1,3680,658,4094
87.jpg,658,4604,floors,1,4117,658,4500
50.jpg,658,7516,toutu,1,39,657,521
50.jpg,658,7516,floors,1,523,658,889
50.jpg,658,7516,floors,1,904,657,1028
50.jpg,658,7516,floors,1,1039,658,1607
50.jpg,658,7516,floors,2,1618,658,2191
50.jpg,658,7516,floors,1,2201,658,2779
50.jpg,658,7516,floors,1,2783,658,3179
50.jpg,658,7516,floors,1,3191,658,3577
50.jpg,658,7516,floors,1,3576,658,3971
50.jpg,658,7516,floors,1,3978,658,4186
50.jpg,658,7516,floors,1,4199,657,4399
50.jpg,658,7516,floors,1,4406,658,5012
50.jpg,658,7516,floors,1,5022,656,5921
50.jpg,658,7516,floors,1,5930,658,6449
50.jpg,658,7516,floors,1,6461,658,7429
44.jpg,658,4791,toutu,1,42,657,546
44.jpg,658,4791,floors,1,561,657,973
44.jpg,658,4791,floors,1,987,658,1124
44.jpg,658,4791,floors,1,1125,658,1708
44.jpg,658,4791,floors,1,1713,658,2291
44.jpg,658,4791,floors,1,2310,658,2861
44.jpg,658,4791,floors,1,2875,658,3768
44.jpg,658,4791,floors,1,3778,658,4195
44.jpg,658,4791,floors,1,4207,658,4705
78.jpg,658,1789,toutu,1,1,658,293
78.jpg,658,1789,floors,159,296,551,866
78.jpg,658,1789,floors,164,874,551,1767
79.jpg,658,4341,toutu,39,13,658,195
79.jpg,658,4341,floors,151,198,503,359
79.jpg,658,4341,floors,152,388,504,843
79.jpg,658,4341,floors,152,848,505,1199
79.jpg,658,4341,floors,153,1208,502,1653
79.jpg,658,4341,floors,153,1658,505,2110
79.jpg,658,4341,floors,153,2114,502,2566
79.jpg,658,4341,floors,154,2573,502,3118
79.jpg,658,4341,floors,155,3126,502,3673
79.jpg,658,4341,floors,156,3684,505,4138
45.jpg,658,5845,toutu,56,18,617,223
45.jpg,658,5845,floors,55,223,637,393
45.jpg,658,5845,floors,57,400,639,735
45.jpg,658,5845,floors,55,741,640,1078
45.jpg,658,5845,floors,56,1080,640,1420
45.jpg,658,5845,floors,55,1423,640,1760
45.jpg,658,5845,floors,56,1766,579,2110
45.jpg,658,5845,floors,80,2115,579,2453
45.jpg,658,5845,floors,79,2458,581,2799
45.jpg,658,5845,floors,80,2802,580,3140
45.jpg,658,5845,floors,80,3146,581,3331
45.jpg,658,5845,floors,79,3336,581,3513
45.jpg,658,5845,floors,79,3518,583,3703
45.jpg,658,5845,floors,81,3708,580,3888
45.jpg,658,5845,floors,81,3892,581,4076
45.jpg,658,5845,floors,81,4080,580,4261
45.jpg,658,5845,floors,84,4263,581,4446
45.jpg,658,5845,floors,83,4451,584,4635
45.jpg,658,5845,floors,84,4638,582,4826
45.jpg,658,5845,floors,84,4821,581,5007
45.jpg,658,5845,floors,86,5011,586,5192
45.jpg,658,5845,floors,85,5198,585,5536
45.jpg,658,5845,floors,83,5542,591,5842
51.jpg,658,6974,toutu,1,111,658,779
51.jpg,658,6974,floors,1,782,658,931
51.jpg,658,6974,floors,1,1015,658,1538
51.jpg,658,6974,floors,2,1552,657,2004
51.jpg,658,6974,floors,1,2012,658,2463
51.jpg,658,6974,floors,1,2477,658,2925
51.jpg,658,6974,floors,1,2936,658,3386
51.jpg,658,6974,floors,1,3398,658,3849
51.jpg,658,6974,floors,1,3857,658,4308
51.jpg,658,6974,floors,1,4319,658,4771
51.jpg,658,6974,floors,1,4779,658,5232
51.jpg,658,6974,floors,2,5242,658,5654
51.jpg,658,6974,floors,1,5668,658,6186
51.jpg,658,6974,floors,1,6192,658,6876
86.jpg,658,2913,toutu,52,7,658,246
86.jpg,658,2913,floors,52,247,658,344
86.jpg,658,2913,floors,52,343,658,460
86.jpg,658,2913,floors,96,497,563,827
86.jpg,658,2913,floors,97,830,564,1182
86.jpg,658,2913,floors,97,1185,566,1542
86.jpg,658,2913,floors,97,1546,561,2048
86.jpg,658,2913,floors,97,2057,566,2331
86.jpg,658,2913,floors,97,2337,564,2884
92.jpg,658,7972,toutu,1,103,658,384
92.jpg,658,7972,floors,1,417,658,707
92.jpg,658,7972,floors,1,729,658,864
92.jpg,658,7972,floors,1,870,657,3103
92.jpg,658,7972,floors,1,3113,655,5721
92.jpg,658,7972,floors,1,5730,658,6345
92.jpg,658,7972,floors,1,6356,657,6964
92.jpg,658,7972,floors,1,6974,658,7885
84.jpg,658,8277,toutu,1,1,658,953
84.jpg,658,8277,floors,1,958,658,1477
84.jpg,658,8277,floors,1,1493,658,1674
84.jpg,658,8277,floors,1,1698,658,2332
84.jpg,658,8277,floors,1,2340,658,3633
84.jpg,658,8277,floors,1,3643,658,5090
84.jpg,658,8277,floors,1,5100,658,7489
84.jpg,658,8277,floors,1,7503,658,8255
90.jpg,658,2698,toutu,1,113,658,476
90.jpg,658,2698,floors,1,504,658,1065
90.jpg,658,2698,floors,1,1077,658,1347
90.jpg,658,2698,floors,1,1358,658,1630
90.jpg,658,2698,floors,1,1720,658,2611
47.jpg,658,2155,floors,1,1,658,258
47.jpg,658,2155,toutu,152,258,509,369
47.jpg,658,2155,floors,153,375,507,723
47.jpg,658,2155,floors,154,732,506,1365
47.jpg,658,2155,floors,153,1376,506,2155
53.jpg,658,2551,toutu,1,112,658,779
53.jpg,658,2551,floors,1,786,658,1139
53.jpg,658,2551,floors,1,1151,658,1555
53.jpg,658,2551,floors,1,1565,658,2099
53.jpg,658,2551,floors,1,2107,658,2373
52.jpg,658,4617,toutu,2,179,658,455
52.jpg,658,4617,floors,1,471,658,764
52.jpg,658,4617,floors,1,797,658,1096
52.jpg,658,4617,floors,1,1116,658,1872
52.jpg,658,4617,floors,1,1906,658,2461
52.jpg,658,4617,floors,2,2472,658,2958
52.jpg,658,4617,floors,1,2967,658,3503
52.jpg,658,4617,floors,1,3516,658,4056
52.jpg,658,4617,floors,1,4064,658,4617
46.jpg,658,7122,toutu,1,112,658,779
46.jpg,658,7122,floors,1,789,658,1419
46.jpg,658,7122,floors,1,1431,658,2062
46.jpg,658,7122,floors,1,2073,658,2700
46.jpg,658,7122,floors,2,2712,658,3341
46.jpg,658,7122,floors,1,3355,658,3980
46.jpg,658,7122,floors,1,3997,658,4458
46.jpg,658,7122,floors,1,4470,658,5098
46.jpg,658,7122,floors,1,5113,658,5741
46.jpg,658,7122,floors,1,5765,658,6310
46.jpg,658,7122,floors,1,6433,658,7032
91.jpg,658,4635,toutu,1,180,658,609
91.jpg,658,4635,floors,1,615,658,793
91.jpg,658,4635,floors,1,806,658,928
91.jpg,658,4635,floors,1,937,658,1319
91.jpg,658,4635,floors,1,1326,658,2551
91.jpg,658,4635,floors,1,2557,658,2983
91.jpg,658,4635,floors,1,2991,658,3454
85.jpg,658,2897,toutu,1,56,658,413
85.jpg,658,2897,floors,133,423,542,606
85.jpg,658,2897,floors,134,613,544,668
85.jpg,658,2897,floors,134,674,546,898
85.jpg,658,2897,floors,134,917,548,1182
85.jpg,658,2897,floors,135,1218,540,2335
85.jpg,658,2897,floors,136,2503,545,2897
